{
  "adminPath": "https://myaccount.myfnpf.com.fj/FNPFMobileAPI_QA/",
  "applicationPath": "https://myaccount.myfnpf.com.fj/FNPFMobileAPI_QA/",
  "androidVersion": "",
  "iosVersion": "",
  "baseAppPath": "/",
  "imagePath": "",
  "encrypt": true,
  "maxFileSize": 3145728,
  "fileSizeErrorMsg": "Upload File size Below 3 MB",
  "fileAccept": "application/pdf, image/*",
  "serverDateFormat": "dd-MM-yyyy",
  "serverDateFormatWithTime": "dd-MM-yyyy HH:mm",
  "dateViewFormat": "dd MMM yyyy",
  "dateViewFormatWithTime": "dd MMM yyyy HH:mm"
}
